Justinian Boliver,jboliver0@sina.com.cn
Holly Cattemull,hcattemull1@facebook.com
Hamil Lippett,hlippett2@mail.ru
Vinson Extill,vextill3@lulu.com
Hunt Dahlman,hdahlman4@barnesandnoble.com
Christoper Anthona,canthona5@upenn.edu
Guendolen Lanceter,glanceter6@youtu.be
Minta Letts,mletts7@pagesperso-orange.fr
Arthur Goricke,agoricke8@epa.gov
Debbi Dziwisz,ddziwisz9@berkeley.edu
Erika Cabena,ecabenaa@tripod.com
Matelda Camillo,mcamillob@g.co
Karlis Daville,kdavillec@domainmarket.com
Aleen Kimberly,akimberlyd@blinklist.com
Wolf Lindblom,wlindblome@abc.net.au
Neely Plevey,npleveyf@squarespace.com
Bibi Lasseter,blasseterg@uol.com.br
Laurette Bilverstone,lbilverstoneh@uiuc.edu
Clayborne Falcus,cfalcusi@kickstarter.com
Charil Albarez,calbarezj@jalbum.net
Kendall Matushenko,kmatushenkok@apache.org
Tymon Cranston,tcranstonl@ameblo.jp
Leopold Deverose,ldeverosem@techcrunch.com
Juanita Harm,jharmn@smh.com.au
Pammi Stoves,pstoveso@pinterest.com
Lanna Mc Caughen,lmcp@mysql.com
Petunia Moscone,pmosconeq@weibo.com
Neron Menchenton,nmenchentonr@sciencedirect.com
Jaymee Camerati,jcameratis@abc.net.au
Molly Selway,mselwayt@deliciousdays.com
Abie Ganter,aganteru@hugedomains.com
Arlan Skellington,askellingtonv@google.nl
Heidie Killen,hkillenw@e-recht24.de
Imogene Cregan,icreganx@washington.edu
Claire Sansun,csansuny@eventbrite.com
Dell Winterburn,dwinterburnz@walmart.com
Rickard Bysshe,rbysshe10@1und1.de
Freeman Hullbrook,fhullbrook11@eventbrite.com
Marcile Rapinett,mrapinett12@ca.gov
Ronalda MacMaster,rmacmaster13@dropbox.com
Norina Yerson,nyerson14@opensource.org
Nonna Concannon,nconcannon15@state.tx.us
Linnea McCague,lmccague16@dropbox.com
Lesley McLardie,lmclardie17@plala.or.jp
Kin Spenclay,kspenclay18@cam.ac.uk
Bucky Habishaw,bhabishaw19@comsenz.com
Erny Abbatt,eabbatt1a@cargocollective.com
Erasmus Piscopo,episcopo1b@hostgator.com
Lazarus Halle,lhalle1c@paginegialle.it
Conchita Grinnikov,cgrinnikov1d@mysql.com
Peria Clemson,pclemson1e@istockphoto.com
Jasen Lynskey,jlynskey1f@unblog.fr
Madelena Kime,mkime1g@spotify.com
Auberon Unsworth,aunsworth1h@soup.io
Win Beauvais,wbeauvais1i@qq.com
Andrea Dommersen,adommersen1j@umich.edu
Lissa Lusty,llusty1k@etsy.com
Junette Van der Hoeven,jvan1l@tumblr.com
Adriena Wetter,awetter1m@fastcompany.com
Wilone Conahy,wconahy1n@chicagotribune.com
Dino Burwin,dburwin1o@biblegateway.com
Teresa Baybutt,tbaybutt1p@nih.gov
Clarence Lintot,clintot1q@rambler.ru
Neron Moulden,nmoulden1r@google.co.jp
Elwood Gaffey,egaffey1s@usatoday.com
Cammy McNae,cmcnae1t@skyrock.com
Albina Tierny,atierny1u@e-recht24.de
Arlin Scollick,ascollick1v@java.com
Phil Shiell,pshiell1w@omniture.com
Anette Gantzman,agantzman1x@marriott.com
Glenine Linskill,glinskill1y@studiopress.com
Trixi Mellonby,tmellonby1z@tripod.com
Ella Snoxall,esnoxall20@google.de
Dieter Syncke,dsyncke21@bloglines.com
Scarlett Fucher,sfucher22@theguardian.com
Ogden Addicote,oaddicote23@ihg.com
Jaquenetta Tunney,jtunney24@independent.co.uk
Barbra Sekulla,bsekulla25@pinterest.com
Anallise Fellibrand,afellibrand26@joomla.org
Brittni Will,bwill27@so-net.ne.jp
Osbert Dobkin,odobkin28@mlb.com
Kinsley Croisdall,kcroisdall29@msu.edu
Dorthea Crother,dcrother2a@cisco.com
Jenny Filchagin,jfilchagin2b@bluehost.com
Nolie Oager,noager2c@a8.net
Tina Blowfelde,tblowfelde2d@ucoz.ru
Karel Jeune,kjeune2e@auda.org.au
Tamas Edmed,tedmed2f@ted.com
Bryce Painter,bpainter2g@narod.ru
Worth Elsdon,welsdon2h@theglobeandmail.com
Rafaelita Romeuf,rromeuf2i@liveinternet.ru
Sibel Grishelyov,sgrishelyov2j@aboutads.info
Zorine Diamant,zdiamant2k@hostgator.com
Chevy Tanser,ctanser2l@merriam-webster.com
Vinnie Paulitschke,vpaulitschke2m@cornell.edu
Korry Kyrkeman,kkyrkeman2n@ihg.com
Zacherie Lowseley,zlowseley2o@hao123.com
Rolando Lefley,rlefley2p@weibo.com
Brunhilda Shottin,bshottin2q@usnews.com
Phillipe Bramley,pbramley2r@posterous.com
Ardisj Trinbey,atrinbey2s@blogtalkradio.com
Gill Siccombe,gsiccombe2t@sfgate.com
Dalenna Le Hucquet,dle2u@newsvine.com
Siegfried Gwilt,sgwilt2v@pbs.org
Hanni Freen,hfreen2w@va.gov
Alejandrina Aizkovitch,aaizkovitch2x@dmoz.org
Sal Rossander,srossander2y@hud.gov
Kerr Desporte,kdesporte2z@networksolutions.com
Oralee Crank,ocrank30@naver.com
Astra Zeal,azeal31@jalbum.net
Yetta Crone,ycrone32@princeton.edu
Borg Rambadt,brambadt33@github.io
Faustine Iddon,fiddon34@amazon.de
Adelind Ibbitson,aibbitson35@microsoft.com
Larine Dimmne,ldimmne36@ustream.tv
Ettore Bullerwell,ebullerwell37@furl.net
Winifred Hook,whook38@vimeo.com
Tanny Giraudel,tgiraudel39@webmd.com
Francoise Meffan,fmeffan3a@dailymail.co.uk
Cicely Okenfold,cokenfold3b@mlb.com
Gabey Primak,gprimak3c@ihg.com
Katleen Ayres,kayres3d@jigsy.com
Katine Semour,ksemour3e@unc.edu
Brewer Burleton,bburleton3f@walmart.com
Carey Weymont,cweymont3g@dyndns.org
Jocko Hofner,jhofner3h@google.es
Alphonse Ripping,aripping3i@com.com
Benjy Storres,bstorres3j@ebay.co.uk
Viva Greenfield,vgreenfield3k@zdnet.com
Bond Adshead,badshead3l@meetup.com
Brent Crame,bcrame3m@hugedomains.com
Hermia Roostan,hroostan3n@weibo.com
Berenice Arrington,barrington3o@unicef.org
Brenn Titmus,btitmus3p@amazonaws.com
Pandora Mumbey,pmumbey3q@qq.com
Jayme Maudlen,jmaudlen3r@example.com
Willetta Mammatt,wmammatt3s@businesswire.com
Letta Gabbatiss,lgabbatiss3t@goo.gl
Gorden Iacopini,giacopini3u@youku.com
Randie Inch,rinch3v@howstuffworks.com
Stacy Pilger,spilger3w@toplist.cz
Honoria Bordiss,hbordiss3x@berkeley.edu
Brande Leport,bleport3y@soundcloud.com
Vanni Lebrun,vlebrun3z@de.vu
Chelsey Davley,cdavley40@yahoo.com
Berk Craker,bcraker41@zimbio.com
Sigfried Hockell,shockell42@bloglines.com
Elliot O'Sharkey,eosharkey43@digg.com
Adore Oxe,aoxe44@illinois.edu
Willette Shyram,wshyram45@issuu.com
Sari Readett,sreadett46@nasa.gov
Veronica Monelli,vmonelli47@google.ru
Opalina MacCosto,omaccosto48@wunderground.com
Shermie Fyndon,sfyndon49@miitbeian.gov.cn
Orelie Spurritt,ospurritt4a@forbes.com
Alissa McCulloch,amcculloch4b@angelfire.com
Cristie Luppitt,cluppitt4c@wsj.com
Sonia Deniset,sdeniset4d@marketwatch.com
Merle Parlot,mparlot4e@netvibes.com
Letta Stagge,lstagge4f@qq.com
Bertrand Opdenorth,bopdenorth4g@360.cn
Chicky Edlyn,cedlyn4h@spiegel.de
Bethany Casperri,bcasperri4i@google.ru
Leigh Dumbrall,ldumbrall4j@drupal.org
Ford Borgne,fborgne4k@networksolutions.com
Lila Meegin,lmeegin4l@ft.com
Penelope Brunsen,pbrunsen4m@accuweather.com
Kaleb Killigrew,kkilligrew4n@slate.com
Rodolphe Witherop,rwitherop4o@shareasale.com
Ronna Johns,rjohns4p@networksolutions.com
Sarajane Grinin,sgrinin4q@microsoft.com
Alfredo Klimmek,aklimmek4r@foxnews.com
Temple Croney,tcroney4s@ucoz.com
Loralee Sillett,lsillett4t@creativecommons.org
Lenee Alejandro,lalejandro4u@auda.org.au
Moira Tulip,mtulip4v@icio.us
Gothart Branchett,gbranchett4w@furl.net
Mohandas Leake,mleake4x@netvibes.com
Leanora Risso,lrisso4y@tumblr.com
Byrle Giannasi,bgiannasi4z@usa.gov
Jonah Deamer,jdeamer50@ow.ly
Daphna Ventam,dventam51@bizjournals.com
Pren Seston,pseston52@netvibes.com
Bancroft Wilcocke,bwilcocke53@nba.com
Kara Ducker,kducker54@statcounter.com
Kalinda Cristofalo,kcristofalo55@about.me
Roderic Ors,rors56@washington.edu
Aile Matchitt,amatchitt57@purevolume.com
Nolly Oxtaby,noxtaby58@baidu.com
Dalia Cheverton,dcheverton59@ucoz.ru
Ashia Scatchar,ascatchar5a@yahoo.com
Vincenz Bischoff,vbischoff5b@elpais.com
Dareen Creevy,dcreevy5c@gov.uk
Dottie Moffet,dmoffet5d@nytimes.com
Kalli Brolechan,kbrolechan5e@exblog.jp
Anetta Wabe,awabe5f@posterous.com
Lyndsey Gahan,lgahan5g@china.com.cn
Hildegaard Tommasuzzi,htommasuzzi5h@ftc.gov
Heidi Stanbrooke,hstanbrooke5i@php.net
Pietra Parren,pparren5j@slashdot.org
Jenna Michelle,jmichelle5k@usgs.gov
Catlin Lethieulier,clethieulier5l@bizjournals.com
Dom Daffey,ddaffey5m@purevolume.com
Warde Woollett,wwoollett5n@artisteer.com
Blanch Mugridge,bmugridge5o@house.gov
Asa Bibby,abibby5p@elegantthemes.com
Bil Fifoot,bfifoot5q@berkeley.edu
Raymond D'Aguanno,rdaguanno5r@dropbox.com
Albie Milberry,amilberry5s@archive.org
Damara Agates,dagates5t@slideshare.net
Harlene Slowly,hslowly5u@bandcamp.com
Mab Rupert,mrupert5v@europa.eu
Elnora Burgis,eburgis5w@yolasite.com
Ad Maykin,amaykin5x@aol.com
Lukas Dummett,ldummett5y@plala.or.jp
Basil Greeson,bgreeson5z@msn.com
Sullivan Lomasna,slomasna60@meetup.com
Jemmie Skotcher,jskotcher61@reverbnation.com
Elsa Zanussii,ezanussii62@live.com
Mariele Vellden,mvellden63@sun.com
Sean MacGeffen,smacgeffen64@earthlink.net
Jeanelle Colebrook,jcolebrook65@marketwatch.com
Marysa Musk,mmusk66@illinois.edu
Ahmed Leveridge,aleveridge67@ted.com
Cesaro Welbelove,cwelbelove68@ask.com
Willie Fricke,wfricke69@nih.gov
Suzy Danilyak,sdanilyak6a@joomla.org
Blayne Risson,brisson6b@twitter.com
Roanne Magog,rmagog6c@netscape.com
Neale Chesterman,nchesterman6d@cnn.com
Dud Swannick,dswannick6e@themeforest.net
Malena Lindstrom,mlindstrom6f@google.com.hk
Kimberley Haddeston,khaddeston6g@wufoo.com
Caspar Slimme,cslimme6h@shop-pro.jp
Kendell Sherwin,ksherwin6i@dyndns.org
Nicole Danis,ndanis6j@wikispaces.com
Anders Vatcher,avatcher6k@free.fr
Celestina Cragell,ccragell6l@themeforest.net
Lorilee Grimsdyke,lgrimsdyke6m@t.co
Carma Hazeldene,chazeldene6n@jigsy.com
Jephthah Saill,jsaill6o@indiegogo.com
Desmund Dilon,ddilon6p@usda.gov
Richie Whitely,rwhitely6q@photobucket.com
Augusto Tuttle,atuttle6r@eventbrite.com
Tiphany Coonihan,tcoonihan6s@google.nl
Lew Gowanson,lgowanson6t@bizjournals.com
Niall Trow,ntrow6u@smugmug.com
Ebba Hain,ehain6v@springer.com
Rudie Grigori,rgrigori6w@boston.com
Tessa Hendriksen,thendriksen6x@sphinn.com
Loydie Brisker,lbrisker6y@tripadvisor.com
Lyda Sleite,lsleite6z@t-online.de
Sherm Sellors,ssellors70@tinyurl.com
Sylvia Blakesley,sblakesley71@prlog.org
Zorah Van Schafflaer,zvan72@globo.com
Tan Barrow,tbarrow73@pbs.org
Glynda Volke,gvolke74@goo.gl
Florri Cuddehay,fcuddehay75@flickr.com
Egon Search,esearch76@hostgator.com
Aryn Laxon,alaxon77@elegantthemes.com
Barrie Penritt,bpenritt78@cyberchimps.com
Berry Clipson,bclipson79@ox.ac.uk
Kanya Kettlesting,kkettlesting7a@patch.com
Diane-marie Robertsson,drobertsson7b@yellowbook.com
Britte Rylett,brylett7c@ycombinator.com
Junie Delgaty,jdelgaty7d@microsoft.com
Max Persicke,mpersicke7e@amazonaws.com
Fredrika Mulchrone,fmulchrone7f@desdev.cn
Myrle Blampey,mblampey7g@theglobeandmail.com
Hilly Raiment,hraiment7h@tumblr.com
Frederic Mc Grath,fmc7i@jimdo.com
Ado McIlwrick,amcilwrick7j@wikia.com
Mahalia Scholling,mscholling7k@trellian.com
Zacherie Capp,zcapp7l@t-online.de
Marcelia Carl,mcarl7m@nyu.edu
Efren Gilhespy,egilhespy7n@nifty.com
Stu Puddephatt,spuddephatt7o@ovh.net
Timmie Johanssen,tjohanssen7p@nhs.uk
Jori McAviy,jmcaviy7q@dedecms.com
Clovis Jakaway,cjakaway7r@redcross.org
Dionysus Harler,dharler7s@hostgator.com
Fredrick Juleff,fjuleff7t@phpbb.com
Carter Barrett,cbarrett7u@freewebs.com
Garry Bryden,gbryden7v@mtv.com
Lynne Keates,lkeates7w@paginegialle.it
Dollie Nosworthy,dnosworthy7x@vkontakte.ru
Marta Cottee,mcottee7y@sohu.com
Rudolf Topaz,rtopaz7z@mediafire.com
Amalee Sterling,asterling80@wiley.com
Jaquelyn Jimes,jjimes81@noaa.gov
Sammy Jesty,sjesty82@drupal.org
Nicky Tossell,ntossell83@omniture.com
Goldi Pitson,gpitson84@ibm.com
Joelynn Meace,jmeace85@google.nl
Coralyn Deveraux,cdeveraux86@joomla.org
Tyrus Sickert,tsickert87@ovh.net
Codie Thoma,cthoma88@w3.org
Lura Kobes,lkobes89@squarespace.com
Heath Trousdell,htrousdell8a@chron.com
Timmie Bohey,tbohey8b@drupal.org
Rustin Pywell,rpywell8c@nsw.gov.au
Alexandros Rudge,arudge8d@narod.ru
Bud Iskowicz,biskowicz8e@washington.edu
Faustine Beaven,fbeaven8f@fda.gov
Terrence O' Culligan,to8g@amazon.com
Hedi Frake,hfrake8h@cmu.edu
Gabrielle Harlett,gharlett8i@discuz.net
Othello Aronstam,oaronstam8j@paypal.com
Maegan Grigolashvill,mgrigolashvill8k@ameblo.jp
Cordie Yakushkin,cyakushkin8l@senate.gov
Terrijo Tapply,ttapply8m@gnu.org
Alwyn Buckham,abuckham8n@usa.gov
Celinka McCrainor,cmccrainor8o@epa.gov
Kettie Quarry,kquarry8p@4shared.com
Maxi Beadell,mbeadell8q@google.es
Raff Osman,rosman8r@cyberchimps.com
Perkin Davage,pdavage8s@google.com.au
Clyve Newick,cnewick8t@cnn.com
Reeba Apfler,rapfler8u@privacy.gov.au
Dion Lampart,dlampart8v@howstuffworks.com
Pippa Escudier,pescudier8w@nps.gov
Ashleigh Shirlaw,ashirlaw8x@mlb.com
Lorne Sangra,lsangra8y@multiply.com
Ann Filipyev,afilipyev8z@skype.com
Eric Titchener,etitchener90@yelp.com
Godiva Sayton,gsayton91@scientificamerican.com
Kaile Skeath,kskeath92@oakley.com
Ogdon Rennix,orennix93@com.com
Grier Easterling,geasterling94@adobe.com
Phaedra Hews,phews95@amazon.co.uk
Forester Ibotson,fibotson96@live.com
Hakim Oldroyde,holdroyde97@nhs.uk
Lynea Postles,lpostles98@zdnet.com
Ellie Dacre,edacre99@indiegogo.com
Nicole Viegas,nviegas9a@cbslocal.com
Dione Claque,dclaque9b@ftc.gov
Abel Aspy,aaspy9c@hatena.ne.jp
Serene Gauvain,sgauvain9d@usgs.gov
Marleah Talmadge,mtalmadge9e@multiply.com
Lonnie Bullivent,lbullivent9f@flickr.com
Blaine Benedidick,bbenedidick9g@ucla.edu
Benny Ciric,bciric9h@narod.ru
Lucho Dosdill,ldosdill9i@pbs.org
Kati Choules,kchoules9j@symantec.com
Austine Lapsley,alapsley9k@wiley.com
Walther Matura,wmatura9l@yolasite.com
Chrystal McCumesky,cmccumesky9m@wikimedia.org
Kirstyn MacManus,kmacmanus9n@mapquest.com
Gayel Zealander,gzealander9o@umich.edu
Candace Fyndon,cfyndon9p@imgur.com
Egbert Willett,ewillett9q@mashable.com
Normie Narraway,nnarraway9r@toplist.cz
Bogey Gostyke,bgostyke9s@intel.com
Car Gradly,cgradly9t@cmu.edu
Sonnnie Keenlayside,skeenlayside9u@arstechnica.com
Simonne Querree,squerree9v@berkeley.edu
Janette Baudts,jbaudts9w@a8.net
Kenny Hopfer,khopfer9x@businessweek.com
Nonie Deniso,ndeniso9y@privacy.gov.au
Edy Sebrens,esebrens9z@w3.org
Carol-jean Ayton,caytona0@blogger.com
Kellby O'Leahy,koleahya1@soup.io
Gabriele Wickersley,gwickersleya2@apple.com
Theodora Levecque,tlevecquea3@pen.io
Karoly Servante,kservantea4@dagondesign.com
Hestia Sausman,hsausmana5@domainmarket.com
Sibella Englefield,senglefielda6@businessweek.com
Tera Rewbottom,trewbottoma7@netscape.com
Aeriela Allaway,aallawaya8@wiley.com
Cornelia MacFarlan,cmacfarlana9@unblog.fr
Isacco Balk,ibalkaa@unblog.fr
Shawn Frowen,sfrowenab@theguardian.com
Reginald Eakly,reaklyac@discuz.net
Tiphani Bollam,tbollamad@state.tx.us
Irvin Ordish,iordishae@comsenz.com
Bordie Cuskery,bcuskeryaf@slideshare.net
Devora MacKonochie,dmackonochieag@sciencedaily.com
Alberto Puncher,apuncherah@phoca.cz
Judd Folks,jfolksai@usnews.com
Ev Gregorowicz,egregorowiczaj@bandcamp.com
Page Cunniff,pcunniffak@wikipedia.org
Donall Oldred,doldredal@godaddy.com
Kaye O'Corrane,kocorraneam@vistaprint.com
Dredi Cochrane,dcochranean@google.ru
Delcina Garci,dgarciao@acquirethisname.com
Lanni Warbrick,lwarbrickap@infoseek.co.jp
Ruperto Layton,rlaytonaq@hibu.com
Raviv Meredith,rmeredithar@wufoo.com
Alvy Paulley,apaulleyas@typepad.com
Rosaleen Caple,rcapleat@xinhuanet.com
Rolando Ryall,rryallau@newyorker.com
Dun Hebblewaite,dhebblewaiteav@wp.com
Rosalie Eastridge,reastridgeaw@ted.com
Daniela Ferroli,dferroliax@tiny.cc
Darill Rolls,drollsay@ed.gov
Ajay Derbyshire,aderbyshireaz@altervista.org
Stavro Tremollet,stremolletb0@facebook.com
Gabby Spratling,gspratlingb1@google.fr
Aldin Bassom,abassomb2@mapy.cz
Maire Chaperling,mchaperlingb3@yale.edu
Hedvige Swannick,hswannickb4@sun.com
Phaedra Waldock,pwaldockb5@foxnews.com
Calli Olwen,colwenb6@cnn.com
Genevieve Poyntz,gpoyntzb7@quantcast.com
Hobey Lazenbury,hlazenburyb8@zdnet.com
Bowie Leander,bleanderb9@sohu.com
Munmro Belderfield,mbelderfieldba@tiny.cc
Karia Rainford,krainfordbb@usgs.gov
Noami Maidstone,nmaidstonebc@un.org
Woodman Lorrain,wlorrainbd@netscape.com
Tova Ballaam,tballaambe@squidoo.com
Pegeen Brecken,pbreckenbf@dmoz.org
Asa Janeway,ajanewaybg@hostgator.com
Harlan Calderon,hcalderonbh@linkedin.com
Ennis Logie,elogiebi@mtv.com
Darline Bourley,dbourleybj@ucsd.edu
Fedora Zylberdik,fzylberdikbk@toplist.cz
Dierdre Challinor,dchallinorbl@pcworld.com
Wilmer Edsell,wedsellbm@cbsnews.com
Wilbur Oliveira,woliveirabn@cdc.gov
Tan Molyneux,tmolyneuxbo@home.pl
Rosalie Betje,rbetjebp@dot.gov
Maria Pingstone,mpingstonebq@google.com.br
Leisha Tine,ltinebr@omniture.com
Ara Grebbin,agrebbinbs@istockphoto.com
Godfry McGuiney,gmcguineybt@domainmarket.com
Sonnnie Rawlison,srawlisonbu@flavors.me
Jacky Hulme,jhulmebv@nifty.com
Paige Coppens,pcoppensbw@1und1.de
Bryce Jahner,bjahnerbx@usda.gov
Nessi Sprowles,nsprowlesby@imageshack.us
Jeffrey Euston,jeustonbz@gravatar.com
Elvina Spradbery,espradberyc0@twitpic.com
Mohandas Skotcher,mskotcherc1@miibeian.gov.cn
Kassi Keher,kkeherc2@addtoany.com
Thoma Tarbett,ttarbettc3@msn.com
Sandro Snoden,ssnodenc4@purevolume.com
Wilbert Gemlett,wgemlettc5@1688.com
Neel Iapico,niapicoc6@pcworld.com
Marcellina Foltin,mfoltinc7@meetup.com
Kendricks Goodburn,kgoodburnc8@telegraph.co.uk
Harley Verrell,hverrellc9@bandcamp.com
Lisetta Ganforth,lganforthca@nytimes.com
Adan Bucknill,abucknillcb@ucla.edu
Trenton Higgen,thiggencc@github.io
Reid Point,rpointcd@soundcloud.com
Emelda Dallinder,edallinderce@hud.gov
Nert Bramall,nbramallcf@jigsy.com
Sidney Leveridge,sleveridgecg@statcounter.com
Ulrica Hegerty,uhegertych@examiner.com
Lavena Wiggall,lwiggallci@adobe.com
Lammond Saiens,lsaienscj@wikia.com
Kimble Gandey,kgandeyck@amazon.co.uk
Dudley Charlick,dcharlickcl@symantec.com
Emmeline Melesk,emeleskcm@upenn.edu
Conant Woolhouse,cwoolhousecn@unicef.org
Clarance Scarrott,cscarrottco@chronoengine.com
Nickolas Watmore,nwatmorecp@newsvine.com
Cherin Stirling,cstirlingcq@flickr.com
Witty Entwistle,wentwistlecr@dagondesign.com
Gaby Higgonet,ghiggonetcs@themeforest.net
Ellswerth McDarmid,emcdarmidct@amazonaws.com
Barnett Forber,bforbercu@shutterfly.com
Edsel Mantripp,emantrippcv@latimes.com
Demetri Maker,dmakercw@webmd.com
Shayne Martinetto,smartinettocx@odnoklassniki.ru
Rip Leinweber,rleinwebercy@friendfeed.com
Doralia Dilon,ddiloncz@fema.gov
Gwenni Scrowson,gscrowsond0@ovh.net
Giffy Kellegher,gkellegherd1@sphinn.com
Sloan Runcieman,srunciemand2@4shared.com
Hamel Tomeo,htomeod3@newsvine.com
Luce Lidbetter,llidbetterd4@tinypic.com
Alica Brownstein,abrownsteind5@macromedia.com
Dolph Jobbins,djobbinsd6@joomla.org
Farand Blackley,fblackleyd7@example.com
Kendrick Scantlebury,kscantleburyd8@rakuten.co.jp
Tuckie Wheatcroft,twheatcroftd9@nytimes.com
Roshelle Thornborrow,rthornborrowda@gnu.org
Jeffie Daspar,jdaspardb@hostgator.com
Waverly Tressler,wtresslerdc@tripadvisor.com
Maureen Boatman,mboatmandd@canalblog.com
Jermaine Mantrup,jmantrupde@dedecms.com
Cord Keyden,ckeydendf@t-online.de
Robinette Pankettman,rpankettmandg@bizjournals.com
Cathleen Goward,cgowarddh@cmu.edu
Pandora Grover,pgroverdi@oracle.com
Marty Harbidge,mharbidgedj@bloomberg.com
Lyndel Lodge,llodgedk@joomla.org
Euell Coaster,ecoasterdl@weebly.com
Helli Boame,hboamedm@deliciousdays.com
Corrina Shurmer,cshurmerdn@plala.or.jp
Nyssa Rouff,nrouffdo@cloudflare.com
Ab Hendricks,ahendricksdp@tinyurl.com
Ibrahim Filov,ifilovdq@zimbio.com
Nessi Abell,nabelldr@gov.uk
Nelie Kisbey,nkisbeyds@dedecms.com
Haleigh Astlatt,hastlattdt@a8.net
Bettine Mullard,bmullarddu@flickr.com
Edin Bulstrode,ebulstrodedv@yandex.ru
Ashley Torrie,atorriedw@umn.edu
Missie Richel,mricheldx@ameblo.jp
Dorise Conan,dconandy@flavors.me
Cosetta Gero,cgerodz@dmoz.org
Brien Mulvaney,bmulvaneye0@boston.com
Wye Pally,wpallye1@ask.com
Millicent Conachy,mconachye2@buzzfeed.com
Rebecka Deakan,rdeakane3@51.la
Jodie Brunroth,jbrunrothe4@home.pl
Audrye Pollett,apollette5@kickstarter.com
Franzen Whitewood,fwhitewoode6@wp.com
Somerset Huison,shuisone7@fastcompany.com
Lorrayne Buxey,lbuxeye8@mapquest.com
Phillipp Peeke,ppeekee9@ycombinator.com
Xymenes Pettyfar,xpettyfarea@wunderground.com
Gianni Giannazzi,ggiannazzieb@alexa.com
Dwain Howes,dhowesec@independent.co.uk
Ken Eglese,kegleseed@drupal.org
Dulcea Feore,dfeoreee@state.tx.us
Orlando Kurton,okurtonef@mozilla.org
Kettie Gerhold,kgerholdeg@bandcamp.com
Flo Hance,fhanceeh@paginegialle.it
Tamiko McCluney,tmccluneyei@cafepress.com
Morey Keasy,mkeasyej@goodreads.com
Raleigh Wainer,rwainerek@tamu.edu
Hestia Santello,hsantelloel@youtu.be
Hanny Penni,hpenniem@hud.gov
Cathryn Attwoull,cattwoullen@123-reg.co.uk
Ingaberg Killner,ikillnereo@scientificamerican.com
Ellwood Lampaert,elampaertep@vimeo.com
Diannne Trymme,dtrymmeeq@marketwatch.com
Ailbert Munkley,amunkleyer@zimbio.com
El Radborne,eradbornees@posterous.com
Norri Coggles,ncoggleset@t.co
Jacklin Methringham,jmethringhameu@yellowbook.com
Mordecai Witcher,mwitcherev@yahoo.com
Camile Van Arsdall,cvanew@google.com.hk
Rosita Lutz,rlutzex@gnu.org
Dagny Mangeney,dmangeneyey@hexun.com
Randie Foulis,rfoulisez@de.vu
Willy Tomkin,wtomkinf0@mozilla.org
Reggie Gawkes,rgawkesf1@jigsy.com
Gina Heal,ghealf2@hatena.ne.jp
Barnie Zelley,bzelleyf3@ed.gov
Daria Godding,dgoddingf4@t-online.de
Roy Bloxholm,rbloxholmf5@blogs.com
Mauricio Honnicott,mhonnicottf6@bravesites.com
Cariotta Coomes,ccoomesf7@google.es
Alane McWhannel,amcwhannelf8@360.cn
Jacqui Rozalski,jrozalskif9@google.com.hk
Gare Baskerville,gbaskervillefa@ucla.edu
Jarad Edwinson,jedwinsonfb@latimes.com
Darcy McIlenna,dmcilennafc@myspace.com
Genevieve Libby,glibbyfd@constantcontact.com
Farley Plank,fplankfe@vk.com
Chelsey O'Reagan,coreaganff@npr.org
Gallagher Brummitt,gbrummittfg@mayoclinic.com
Chiarra Muldrew,cmuldrewfh@usda.gov
Janaya Cubbinelli,jcubbinellifi@comsenz.com
Keefer Havis,khavisfj@typepad.com
Patience Mullally,pmullallyfk@hatena.ne.jp
Fara Hugill,fhugillfl@mysql.com
Cynthea Shenley,cshenleyfm@twitpic.com
Gaylene Paulot,gpaulotfn@amazon.co.jp
Cheslie Bumphrey,cbumphreyfo@altervista.org
Justinian Gounard,jgounardfp@youku.com
Silvan Tender,stenderfq@deviantart.com
Shep Hardern,shardernfr@yandex.ru
Carmencita Brogiotti,cbrogiottifs@nba.com
Bud Smedmoor,bsmedmoorft@pen.io
Peirce Saywell,psaywellfu@scientificamerican.com
Carmelita Gregine,cgreginefv@ed.gov
Hulda McChesney,hmcchesneyfw@cnn.com
Ottilie Hars,oharsfx@ow.ly
Yovonnda Stainburn,ystainburnfy@weibo.com
Ulberto Scannell,uscannellfz@sourceforge.net
Rosalyn Tawse,rtawseg0@last.fm
Tatiana Martinez,tmartinezg1@flavors.me
Terza Springate,tspringateg2@cornell.edu
Mikaela O'Mailey,momaileyg3@home.pl
Kent Bosomworth,kbosomworthg4@mtv.com
Maggi Gyrgorcewicx,mgyrgorcewicxg5@google.pl
Eugene Mattia,emattiag6@php.net
Bertrand Deedes,bdeedesg7@indiatimes.com
Saxe Chitter,schitterg8@hao123.com
Karoline Kalewe,kkaleweg9@sina.com.cn
Jeane Paulton,jpaultonga@rakuten.co.jp
Diarmid McGarrity,dmcgarritygb@wikimedia.org
Benedetto Livesay,blivesaygc@sun.com
Oralle Krzysztof,okrzysztofgd@loc.gov
Burnaby McInulty,bmcinultyge@hhs.gov
Saundra Mowsdill,smowsdillgf@stanford.edu
Edsel Minihane,eminihanegg@msn.com
Cookie Brain,cbraingh@godaddy.com
Kylie Duigenan,kduigenangi@berkeley.edu
Nell Benjafield,nbenjafieldgj@wisc.edu
Angus Silverlock,asilverlockgk@bbb.org
Cora Hardacre,chardacregl@php.net
Betta Buggs,bbuggsgm@shareasale.com
Erek Tretter,etrettergn@mapy.cz
Gardiner Morena,gmorenago@g.co
Robbi Gribble,rgribblegp@chronoengine.com
Lavina Foch,lfochgq@weather.com
Margo Johannes,mjohannesgr@symantec.com
Madlin Guidoni,mguidonigs@chicagotribune.com
Robbie Thumnel,rthumnelgt@technorati.com
Mozelle O'Canavan,mocanavangu@yale.edu
Clemens Dooland,cdoolandgv@bluehost.com
Cord Hattam,chattamgw@parallels.com
Randall Blackstone,rblackstonegx@si.edu
Byram Geke,bgekegy@noaa.gov
Paula Offener,poffenergz@edublogs.org
Janenna Buntin,jbuntinh0@themeforest.net
Shay Lemin,sleminh1@1688.com
Welch Sharram,wsharramh2@google.com.au
Hayes Kleyn,hkleynh3@nasa.gov
Aksel Graeber,agraeberh4@sphinn.com
Kelli Briggdale,kbriggdaleh5@icq.com
Arlen Randalston,arandalstonh6@1688.com
Gerri Welbeck,gwelbeckh7@behance.net
Bobby Moule,bmouleh8@webnode.com
Denyse Luc,dluch9@wikia.com
Lind Roddick,lroddickha@biblegateway.com
Ringo de Chastelain,rdehb@prnewswire.com
Lanni Tregian,ltregianhc@twitter.com
Daryn Fenn,dfennhd@ocn.ne.jp
Chrysler Shovell,cshovellhe@youtube.com
Vernon Coller,vcollerhf@tuttocitta.it
Trudy Meece,tmeecehg@techcrunch.com
Alyssa Loveless,alovelesshh@cloudflare.com
Dalt Trank,dtrankhi@prweb.com
Everett Florence,eflorencehj@archive.org
Alethea Canero,acanerohk@lycos.com
Frants Filippyev,ffilippyevhl@netvibes.com
Beverley Jenney,bjenneyhm@amazon.com
Ilse Kintzel,ikintzelhn@businessweek.com
Esra Whalebelly,ewhalebellyho@zdnet.com
Marin Pawlett,mpawletthp@squidoo.com
Jacques Lukovic,jlukovichq@berkeley.edu
Ulrich Ceyssen,uceyssenhr@examiner.com
Anders Filliskirk,afilliskirkhs@google.co.jp
Weidar Croyden,wcroydenht@cisco.com
Franny Dast,fdasthu@cnbc.com
Ansel Manvelle,amanvellehv@cdc.gov
Elroy Munkton,emunktonhw@list-manage.com
Tadeo Wabe,twabehx@buzzfeed.com
Arleyne Gopsall,agopsallhy@ameblo.jp
Hardy Jillions,hjillionshz@google.com.hk
Debera Calterone,dcalteronei0@ca.gov
Remy Gilluley,rgilluleyi1@furl.net
Vick Kilgour,vkilgouri2@bandcamp.com
Trace Dwerryhouse,tdwerryhousei3@craigslist.org
Ninnette Dodson,ndodsoni4@google.co.jp
Sada Pensom,spensomi5@oakley.com
Georgeanna Nevin,gnevini6@wufoo.com
Frasier Mattusov,fmattusovi7@myspace.com
Cassy Izon,cizoni8@dailymail.co.uk
Mechelle Talbot,mtalboti9@apache.org
Kathlin Sycamore,ksycamoreia@discovery.com
Claudelle Allard,callardib@cnet.com
Sibley Crosi,scrosiic@google.co.jp
Kattie Flello,kflelloid@icio.us
Ernie Josefer,ejoseferie@bloglovin.com
Melisent Pamplin,mpamplinif@github.com
Alicea Wearn,awearnig@disqus.com
Rice Emanueli,remanueliih@google.com.au
Pietrek Assad,passadii@nbcnews.com
Celeste Boatwright,cboatwrightij@list-manage.com
Hagan Darwin,hdarwinik@purevolume.com
Lesley Wozencroft,lwozencroftil@chron.com
Gabriellia Clowney,gclowneyim@squidoo.com
Harli Crotty,hcrottyin@loc.gov
Danella Willmett,dwillmettio@nbcnews.com
Hayley Klamman,hklammanip@privacy.gov.au
Alyssa Dubois,aduboisiq@usnews.com
Zerk Plane,zplaneir@redcross.org
Wilbert Wabersich,wwabersichis@mapy.cz
Rich Fenich,rfenichit@mediafire.com
Torrence Morefield,tmorefieldiu@constantcontact.com
Ray Shovelton,rshoveltoniv@twitpic.com
Brien Eustace,beustaceiw@mashable.com
Hamilton Hawket,hhawketix@webeden.co.uk
Edvard Dewerson,edewersoniy@jugem.jp
Massimo Jordi,mjordiiz@independent.co.uk
Simona Sertin,ssertinj0@wordpress.com
Tamar Swane,tswanej1@wsj.com
Shannan Kensitt,skensittj2@nsw.gov.au
Marrissa Custy,mcustyj3@oracle.com
Jo-anne Mougel,jmougelj4@wp.com
Loella Mottinelli,lmottinellij5@nyu.edu
Luis Willshee,lwillsheej6@desdev.cn
Anna-diana Raymen,araymenj7@comsenz.com
Hillier Buttriss,hbuttrissj8@behance.net
Eli Swanston,eswanstonj9@nymag.com
Konrad Burgin,kburginja@dion.ne.jp
James Erie,jeriejb@usnews.com
Chelsea Cockroft,ccockroftjc@quantcast.com
Isaiah Allott,iallottjd@hibu.com
Pincas Fosh,pfoshje@cloudflare.com
Lyndy Sains,lsainsjf@123-reg.co.uk
Aguste Clearley,aclearleyjg@dell.com
Ashby Chatan,achatanjh@de.vu
Liana Waud,lwaudji@yelp.com
Hurlee Legen,hlegenjj@sourceforge.net
Rusty Slocom,rslocomjk@usatoday.com
Forbes Godleman,fgodlemanjl@360.cn
Ealasaid Renshell,erenshelljm@acquirethisname.com
Laurene Yesichev,lyesichevjn@pen.io
Rania Sanchis,rsanchisjo@behance.net
Fonzie Kruschev,fkruschevjp@hc360.com
Hymie Tumilson,htumilsonjq@washingtonpost.com
Templeton Audsley,taudsleyjr@i2i.jp
Wandis Howsan,whowsanjs@europa.eu
Hagen Lambdon,hlambdonjt@blogtalkradio.com
Bellanca Murford,bmurfordju@newsvine.com
Rossy Guitte,rguittejv@chronoengine.com
Datha Lukasik,dlukasikjw@vinaora.com
Price Raeside,praesidejx@flickr.com
Rodina Trodden,rtroddenjy@theatlantic.com
Barn Tayt,btaytjz@china.com.cn
Beverlie Crellim,bcrellimk0@soup.io
Penelope Goter,pgoterk1@meetup.com
Klara Blamphin,kblamphink2@wikia.com
Morris Falconbridge,mfalconbridgek3@npr.org
Denny Sive,dsivek4@usnews.com
Mikel Husbands,mhusbandsk5@gmpg.org
Gracie Hanscome,ghanscomek6@dailymail.co.uk
Delinda Leale,dlealek7@tripod.com
Rowan McKew,rmckewk8@quantcast.com
Glori Moverley,gmoverleyk9@ask.com
Kara Hugo,khugoka@soundcloud.com
Flossi Farmar,ffarmarkb@abc.net.au
Skell Domeney,sdomeneykc@xrea.com
Christine Ulrik,culrikkd@xing.com
Odille Jatczak,ojatczakke@360.cn
Cornell Wodham,cwodhamkf@nymag.com
Courtnay Pippard,cpippardkg@example.com
Martelle Byres,mbyreskh@jimdo.com
Janeen Wrintmore,jwrintmoreki@istockphoto.com
Matthiew Kopke,mkopkekj@ovh.net
Townsend Collie,tcolliekk@cornell.edu
Alicea Rumbellow,arumbellowkl@yahoo.co.jp
Hedy Benjafield,hbenjafieldkm@blogspot.com
Charmain MacKenny,cmackennykn@edublogs.org
Saleem Yeld,syeldko@xing.com
Heath Emlyn,hemlynkp@auda.org.au
Sheila-kathryn De Giorgio,sdekq@bizjournals.com
Cicely Aldhouse,caldhousekr@storify.com
Maitilde Fridd,mfriddks@princeton.edu
Nicolette Plevin,nplevinkt@salon.com
Julian Blucher,jblucherku@archive.org
Aurelia Splaven,asplavenkv@spiegel.de
Gunar Runnicles,grunnicleskw@fastcompany.com
Justinian Houseman,jhousemankx@com.com
Aila Longforth,alongforthky@tmall.com
Orrin Kydd,okyddkz@craigslist.org
Yvor Hantusch,yhantuschl0@webeden.co.uk
Octavius Scotford,oscotfordl1@cbsnews.com
Guilbert Jaquin,gjaquinl2@google.de
Burl Kydd,bkyddl3@gravatar.com
Martynne Markwelley,mmarkwelleyl4@guardian.co.uk
Aksel Dubery,aduberyl5@about.me
Darla McLeary,dmclearyl6@cam.ac.uk
Ward Featley,wfeatleyl7@ucoz.com
Bond Enever,beneverl8@amazon.co.uk
Amos Fulcher,afulcherl9@paypal.com
Brandon Shimmings,bshimmingsla@gov.uk
Garwood Waith,gwaithlb@marketwatch.com
Leonerd Rourke,lrourkelc@adobe.com
Quentin Slides,qslidesld@usatoday.com
Gayel Such,gsuchle@virginia.edu
Brooks Punch,bpunchlf@apple.com
Perry Leverentz,pleverentzlg@cdbaby.com
Skipp Bowland,sbowlandlh@ox.ac.uk
Corbin Rydeard,crydeardli@booking.com
Tabina Tatershall,ttatershalllj@globo.com
Andreana Howerd,ahowerdlk@slate.com
Sonni McArthur,smcarthurll@jiathis.com
Marj Roberds,mroberdslm@baidu.com
Kienan Lauchlan,klauchlanln@freewebs.com
Aubrey Galbreath,agalbreathlo@amazonaws.com
Wrennie Redgate,wredgatelp@eventbrite.com
Lucita Cossey,lcosseylq@smugmug.com
Donal De Cleyne,ddelr@tinyurl.com
Fanni Lundon,flundonls@simplemachines.org
Emmett Errichelli,eerrichellilt@yellowpages.com
Dianne Yurukhin,dyurukhinlu@barnesandnoble.com
Travus Verdie,tverdielv@icq.com
Leicester Ivashchenko,livashchenkolw@chronoengine.com
Elisha Miguet,emiguetlx@alibaba.com
Rosaline Nuss,rnussly@live.com
Noellyn Pauletti,npaulettilz@harvard.edu
Minni Lorenzini,mlorenzinim0@yahoo.com
Angela Zavattieri,azavattierim1@reddit.com
Courtnay Kubik,ckubikm2@usatoday.com
Mercie Wicks,mwicksm3@hatena.ne.jp
Stepha Tuckwood,stuckwoodm4@nytimes.com
Yasmeen Cowill,ycowillm5@netvibes.com
Thea Skipton,tskiptonm6@jiathis.com
Casar Chastney,cchastneym7@guardian.co.uk
Damien Twiggins,dtwigginsm8@google.com.hk
Georg Lere,glerem9@ovh.net
Jaymie Rubinsztein,jrubinszteinma@freewebs.com
Russ Ciani,rcianimb@1und1.de
Bamby Lillyman,blillymanmc@tiny.cc
James Storrock,jstorrockmd@soundcloud.com
Carri Tracey,ctraceyme@vinaora.com
Lonny Bloy,lbloymf@cbslocal.com
Maisie Haseldine,mhaseldinemg@booking.com
Zackariah Sherlock,zsherlockmh@nationalgeographic.com
Ashleigh Balle,aballemi@angelfire.com
Venus Emblen,vemblenmj@de.vu
Rudd Conti,rcontimk@typepad.com
Berkie Thome,bthomeml@moonfruit.com
Conrad Lukash,clukashmm@elegantthemes.com
Stefanie Glawsop,sglawsopmn@mac.com
Bellanca Bowdidge,bbowdidgemo@tuttocitta.it
Aloise Falk,afalkmp@g.co
Amandi Youtead,ayouteadmq@dagondesign.com
Reba Andriolli,randriollimr@spotify.com
Giacomo Tal,gtalms@tripadvisor.com
Reba Handrock,rhandrockmt@unesco.org
Laure Campbell,lcampbellmu@fotki.com
Cristian Bockmann,cbockmannmv@accuweather.com
Merill Brauninger,mbrauningermw@dmoz.org
Patrice Klimas,pklimasmx@independent.co.uk
Enrique Steventon,esteventonmy@who.int
Gaston Sollom,gsollommz@kickstarter.com
Blakelee Harrigan,bharrigann0@wunderground.com
Pam Lowden,plowdenn1@businessweek.com
Raynell Hatrick,rhatrickn2@ebay.co.uk
Katina Fairpool,kfairpooln3@tinypic.com
Kesley Ducarel,kducareln4@hubpages.com
Laurence Coughlan,lcoughlann5@cisco.com
Lil Balbeck,lbalbeckn6@cbsnews.com
Farrah Cristoferi,fcristoferin7@npr.org
Janeczka Scarborough,jscarboroughn8@ycombinator.com
Guilbert Bartczak,gbartczakn9@flickr.com
Dorella Holt,dholtna@wufoo.com
Annmarie Levey,aleveynb@wikipedia.org
Catharina Deboy,cdeboync@nyu.edu
Mylo Kassel,mkasselnd@cmu.edu
Vanni Brolechan,vbrolechanne@purevolume.com
Quinn Kauble,qkaublenf@nhs.uk
Dwain Patterfield,dpatterfieldng@utexas.edu
Morley Sustin,msustinnh@hugedomains.com
Maiga Labbet,mlabbetni@drupal.org
Daffi McTeague,dmcteaguenj@usnews.com
Kennith Maulin,kmaulinnk@indiatimes.com
Faina Whilde,fwhildenl@indiatimes.com
Goldie Allden,galldennm@wordpress.com
Abbi Harsum,aharsumnn@vk.com
Cecil Dabnor,cdabnorno@examiner.com
Kat Gimson,kgimsonnp@nydailynews.com
Ruth Skillen,rskillennq@examiner.com
Charlena Sleicht,csleichtnr@psu.edu
Kent Rumke,krumkens@apache.org
Neville Schaben,nschabennt@uiuc.edu
Lynett Binion,lbinionnu@shop-pro.jp
Cristobal Hugle,chuglenv@google.co.uk
Aylmar Pegden,apegdennw@sphinn.com
Jerri Sherred,jsherrednx@hugedomains.com
Leanna Mushawe,lmushaweny@people.com.cn
Madelaine Crewdson,mcrewdsonnz@com.com
Evangelia Dinsell,edinsello0@tiny.cc
Claudine Bosquet,cbosqueto1@nydailynews.com
Gordon MattiCCI,gmatticcio2@mozilla.com
Mort Collis,mcolliso3@jigsy.com
Starr Livett,slivetto4@amazon.co.uk
Dag Fallis,dfalliso5@senate.gov
Nowell Nanson,nnansono6@walmart.com
Kessiah Bartocci,kbartoccio7@clickbank.net
Engracia Kubicek,ekubiceko8@webnode.com
Flory Samwaye,fsamwayeo9@technorati.com
Evelina Weiser,eweiseroa@sourceforge.net
Kania Pulbrook,kpulbrookob@wired.com
Howey Thornley,hthornleyoc@va.gov
Eddy Gourlay,egourlayod@edublogs.org
Ruthe Swanger,rswangeroe@marketwatch.com
Jeanie Scohier,jscohierof@php.net
Lynsey Knobell,lknobellog@usgs.gov
Giuseppe Palmer,gpalmeroh@jimdo.com
Damiano Phipson,dphipsonoi@springer.com
Berk Strivens,bstrivensoj@about.com
Alica Kinzett,akinzettok@fastcompany.com
Kasper Galego,kgalegool@columbia.edu
Jewel Wooding,jwoodingom@shareasale.com
Carree Sigfrid,csigfridon@squarespace.com
Jami Biner,jbineroo@hatena.ne.jp
Maury Sandwith,msandwithop@paginegialle.it
Bondon Duguid,bduguidoq@wordpress.com
Rosalinde Yaakov,ryaakovor@ocn.ne.jp
Spike Dallender,sdallenderos@howstuffworks.com
Lucio MacKill,lmackillot@slate.com
Shirline Kliner,sklinerou@mashable.com
Valentina Immings,vimmingsov@google.fr
Shawna Inchcomb,sinchcombow@imgur.com
Jerrome McShee,jmcsheeox@apple.com
Sam Ovendon,sovendonoy@furl.net
Gaile Paskins,gpaskinsoz@chronoengine.com
Darryl Feeham,dfeehamp0@nyu.edu
Arvin Shreve,ashrevep1@prlog.org
Vera Calcraft,vcalcraftp2@live.com
Hermon Haskett,hhaskettp3@privacy.gov.au
Adelind Doul,adoulp4@blog.com
Jaclin Sanderson,jsandersonp5@japanpost.jp
Yurik Sherrell,ysherrellp6@creativecommons.org
Albina Mousdall,amousdallp7@reddit.com
Britteny Giannazzo,bgiannazzop8@spotify.com
Marigold Ingliss,minglissp9@sogou.com
Martina Fritz,mfritzpa@auda.org.au
Cathy Middler,cmiddlerpb@wix.com
Nickie Tallon,ntallonpc@unblog.fr
Vicki McIlherran,vmcilherranpd@spotify.com
Barbi Riolfo,briolfope@nydailynews.com
Zared Vanyukhin,zvanyukhinpf@cisco.com
Marietta Alves,malvespg@soundcloud.com
Keelia Petofi,kpetofiph@spotify.com
Gaspar Broune,gbrounepi@answers.com
Flint Scripture,fscripturepj@amazon.co.jp
Silvan Datte,sdattepk@yelp.com
Julina Coxhell,jcoxhellpl@wunderground.com
Derril McKinless,dmckinlesspm@fema.gov
Latashia Mackstead,lmacksteadpn@amazon.co.jp
Perry Worsnop,pworsnoppo@columbia.edu
Willard Rollings,wrollingspp@taobao.com
Maria Braunfeld,mbraunfeldpq@cbsnews.com
Ali Van Giffen,avanpr@latimes.com
Deane Yurchenko,dyurchenkops@theatlantic.com
Audry Ference,aferencept@lycos.com
Linnea Lefwich,llefwichpu@msn.com
Micaela McColgan,mmccolganpv@t.co
Uriel Oven,uovenpw@ovh.net
Vivienne Ferrige,vferrigepx@telegraph.co.uk
Marietta Toon,mtoonpy@mashable.com
Nathan Syddie,nsyddiepz@fc2.com
Alisander Beekmann,abeekmannq0@netscape.com
Raddie Ludy,rludyq1@auda.org.au
Brook Whitlaw,bwhitlawq2@sitemeter.com
Blondelle Anfrey,banfreyq3@xinhuanet.com
Byrom Mather,bmatherq4@cloudflare.com
Janetta Wombwell,jwombwellq5@businessinsider.com
Bradly Lardiner,blardinerq6@loc.gov
Johnathon McGuckin,jmcguckinq7@histats.com
Amalee Beamont,abeamontq8@forbes.com
Sile Gianasi,sgianasiq9@github.com
Mick Allberry,mallberryqa@jigsy.com
Moises Ketchen,mketchenqb@va.gov
Carlie Petrasso,cpetrassoqc@icio.us
Yorgos Farny,yfarnyqd@rambler.ru
Dulce Sterrick,dsterrickqe@forbes.com
Giorgio Halsall,ghalsallqf@qq.com
Quinn Forsythe,qforsytheqg@fotki.com
Barnabas Paskins,bpaskinsqh@dyndns.org
Fanechka Vedenyakin,fvedenyakinqi@cnbc.com
Gracia Speller,gspellerqj@accuweather.com
Domeniga Satteford,dsattefordqk@comcast.net
Garnette Hansell,ghansellql@biglobe.ne.jp
Dana Kopecka,dkopeckaqm@nbcnews.com
Erminie Boothebie,eboothebieqn@ocn.ne.jp
Helena Jedrzejewsky,hjedrzejewskyqo@nps.gov
Tucky Simka,tsimkaqp@cnn.com
Baird Loughman,bloughmanqq@sphinn.com
Rosa Alleburton,ralleburtonqr@accuweather.com
Dyna Rupel,drupelqs@themeforest.net
Seward Adacot,sadacotqt@forbes.com
Vyky Micco,vmiccoqu@si.edu
Sophi McNickle,smcnickleqv@sogou.com
Dolores Rudolf,drudolfqw@51.la
Holden Plum,hplumqx@about.me
Candra Duffill,cduffillqy@amazon.co.jp
Odessa Ferronel,oferronelqz@meetup.com
Shaylynn Broxup,sbroxupr0@irs.gov
Lorelle Sprade,lsprader1@sakura.ne.jp
Martita Domleo,mdomleor2@creativecommons.org
Bale Chappelle,bchappeller3@vimeo.com
Ruperto Paulitschke,rpaulitschker4@kickstarter.com
Grover Phifer,gphiferr5@usatoday.com
Mortimer Blasoni,mblasonir6@phoca.cz
Lawrence Spellard,lspellardr7@ycombinator.com
Francisca Spight,fspightr8@usnews.com
Cully Alkin,calkinr9@house.gov
Conrad Oatley,coatleyra@hugedomains.com
Randal Scammell,rscammellrb@google.es
Elvis Kettleson,ekettlesonrc@nationalgeographic.com
Selby Webb-Bowen,swebbbowenrd@fastcompany.com
Helenelizabeth Roylance,hroylancere@ucoz.ru
Tarra Starling,tstarlingrf@t-online.de
Wendy Yarrington,wyarringtonrg@home.pl
Marisa Gotliffe,mgotlifferh@ed.gov
Thurstan Kinmond,tkinmondri@ifeng.com
Spike Ortler,sortlerrj@narod.ru
Esra Funcheon,efuncheonrk@admin.ch
Clarey Hedge,chedgerl@fc2.com
Janna Gribbon,jgribbonrm@arstechnica.com
Mic Tallon,mtallonrn@csmonitor.com
Orly Cardew,ocardewro@uol.com.br
Merry Sahlstrom,msahlstromrp@deliciousdays.com
Ferne Dolphin,fdolphinrq@webeden.co.uk
Isa Kiernan,ikiernanrr@de.vu
